<ImportExportXml xmlns:xsi="http://www.w3.org/2001/XMLSchema-instance">
  <Entities></Entities>
  <Roles></Roles>
  <Workflows></Workflows>
  <FieldSecurityProfiles></FieldSecurityProfiles>
  <Templates />
  <EntityMaps />
  <EntityRelationships />
  <OrganizationSettings />
  <optionsets />
  <CustomControls />
  <EntityDataProviders />
  <CanvasApps>
    <CanvasApp>
      <Name>ya_lib_b24a4</Name>
      <AppVersion>2022-11-17T02:31:56Z</AppVersion>
      <Status>Ready</Status>
      <CreatedByClientVersion>3.22111.19.0</CreatedByClientVersion>
      <MinClientVersion>3.22111.19.0</MinClientVersion>
      <Tags>{"primaryDeviceWidth":"640","primaryDeviceHeight":"640","supportsPortrait":"true","supportsLandscape":"true","primaryFormFactor":"Phone","publisherVersion":"3.22111.19","minimumRequiredApiVersion":"2.2.0","hasComponent":"true","hasUnlockedComponent":"true","isUnifiedRootApp":"false"}</Tags>
      <IsCdsUpgraded>0</IsCdsUpgraded>
      <GalleryItemId xsi:nil="true"></GalleryItemId>
      <BackgroundColor>RGBA(251,101,60,255)</BackgroundColor>
      <DisplayName>Lib</DisplayName>
      <Description xsi:nil="true"></Description>
      <CommitMessage xsi:nil="true"></CommitMessage>
      <Publisher xsi:nil="true"></Publisher>
      <AuthorizationReferences>[]</AuthorizationReferences>
      <ConnectionReferences>{}</ConnectionReferences>
      <DatabaseReferences>{}</DatabaseReferences>
      <AppComponents>[{"appComponentName":"454542e0b30b42c0b15a18b43403ba1d","displayName":"Component1","appName":"070a09b0-fc59-4774-9b43-903ff9518a6f","appVersion":"2022-11-17T02:31:56Z","appComponentLibraryLogicalName":"ya_lib_b24a4","appDisplayName":"Lib","environmentName":"c741ffd7-ca57-ea53-bfaf-c9b299edf6b5","owner":{"id":"da0e9c97-68b9-4bfd-92df-fcd204db19a2","displayName":"A Y","email":"admin@yappf.onmicrosoft.com","type":"User","tenantId":"6ac40006-b6fe-4b12-951f-4825b5bb21d4","userPrincipalName":"admin@yappf.onmicrosoft.com"},"allowCustomization":true,"createdOn":"2022-11-17T02:31:55.173Z","lastModifiedOn":"2022-11-17T02:31:55.173Z","connectionReferences":{},"databaseReferences":{}}]</AppComponents>
      <AppComponentDependencies>[]</AppComponentDependencies>
      <CanConsumeAppPass>1</CanConsumeAppPass>
      <CanvasAppType>1</CanvasAppType>
      <BypassConsent>0</BypassConsent>
      <AdminControlBypassConsent>0</AdminControlBypassConsent>
      <EmbeddedApp xsi:nil="true"></EmbeddedApp>
      <IntroducedVersion>1.0</IntroducedVersion>
      <CdsDependencies>{"cdsdependencies":[]}</CdsDependencies>
      <IsCustomizable>1</IsCustomizable>
      <BackgroundImageUri>/CanvasApps/ya_lib_b24a4_BackgroundImageUri</BackgroundImageUri>
      <DocumentUri>/CanvasApps/ya_lib_b24a4_DocumentUri.msapp</DocumentUri>
    </CanvasApp>
  </CanvasApps>
  <Languages>
    <Language>1041</Language>
  </Languages>
</ImportExportXml>