{"schemaVersion":"1.0","appDefinitionTemplate":{"id":"/providers/Microsoft.PowerApps/apps/","type":"Microsoft.PowerApps/apps","tags":{"primaryDeviceWidth":"640","primaryDeviceHeight":"640","supportsPortrait":"true","supportsLandscape":"true","primaryFormFactor":"Phone","publisherVersion":"3.22111.19","minimumRequiredApiVersion":"2.2.0","hasComponent":"true","hasUnlockedComponent":"true","isUnifiedRootApp":"false","sienaVersion":"20221117T112453Z-3.22111.19.0"},"properties":{"appVersion":"2022-11-17T11:24:53Z","lifeCycleId":"Published","createdByClientVersion":{"major":3,"minor":22111,"build":19,"revision":0,"majorRevision":0,"minorRevision":0},"minClientVersion":{"major":3,"minor":22111,"build":19,"revision":0,"majorRevision":0,"minorRevision":0},"backgroundColor":"rgba(255, 255, 255, 1)","backgroundImageUri":"/11911555968242192995/N59b84380-7aca-490e-a4c4-84003a9c461a-logoSmallFile","displayName":"Clock","description":"","commitMessage":"","appUris":{"documentUri":{"value":"/11911555968242192995/N738a907d-ef94-4843-9643-a7b21099ac4b-document.msapp"},"imageUris":[],"additionalUris":[]},"createdTime":"0001-01-01T00:00:00Z","lastModifiedTime":"0001-01-01T00:00:00Z","sharedGroupsCount":0,"sharedUsersCount":0,"icons":{"smallIconUri":"/11911555968242192995/N0027904b-f821-4d05-bb89-dbec25baa73e-small.png","mediumIconUri":"/11911555968242192995/Nf40aba7e-73c6-4af3-9756-e222974f77cf-medium.png","largeIconUri":"/11911555968242192995/N2ab55873-660c-4562-8888-258618fd5693-large.png","wideIconUri":"/11911555968242192995/N653b8701-014c-44af-a77e-28011b29e120-wide.png"},"connectionReferences":{},"databaseReferences":{},"almMode":"Solution","performanceOptimizationEnabled":true,"canConsumeAppPass":true,"enableModernRuntimeMode":false,"executionRestrictions":{"isTeamsOnly":false,"dataLossPreventionEvaluationResult":{"status":"Compliant","lastEvaluationDate":"2022-11-17T10:54:33.3466488Z","violations":[],"violationsByPolicy":[],"violationErrorMessage":"このアプリでは、次のコネクタが使用されます: 。"}}},"appType":"ClassicCanvasApp","appComponents":[]}}